Designator,Val,Package,Mid X,Mid Y,Rotation,Layer
A1,Arduino_MKR_1000_WiFi_Socket,Arduino_MKR_1000_WiFi_Socket,99.5,-60.75,180.0,bottom
C1,0.1uF,C_0402_1005Metric,137.25,-210.73,90.0,bottom
C10,100nF,C_0402,217.0,-177.25,180.0,top
C100,4.7nF,C_0402,173.0,-216.5,180.0,top
C101,100nF,C_0402,195.0,-67.25,180.0,top
C102,100nF,C_0402,195.0,-89.25,180.0,top
C103,100nF,C_0402,85.0,-111.25,180.0,top
C104,100nF,C_0402,85.0,-133.25,180.0,top
C105,100nF,C_0402,107.0,-155.25,180.0,top
C106,100nF,C_0402,85.0,-177.25,180.0,top
C107,100nF,C_0402,85.0,-199.25,180.0,top
C108,100nF,C_0402,85.0,-221.25,180.0,top
C109,4.7nF,C_0402,195.0,-62.5,180.0,top
C11,100nF,C_0402,217.0,-199.25,180.0,top
C110,4.7nF,C_0402,195.0,-84.5,180.0,top
C111,4.7nF,C_0402,195.0,-106.5,180.0,top
C112,4.7nF,C_0402,195.0,-128.5,180.0,top
C113,4.7nF,C_0402,195.0,-150.5,180.0,top
C114,4.7nF,C_0402,195.0,-172.5,180.0,top
C115,4.7nF,C_0402,195.0,-194.5,180.0,top
C116,4.7nF,C_0402,195.0,-216.5,180.0,top
C117,100nF,C_0402,217.0,-67.25,180.0,top
C118,100nF,C_0402,217.0,-89.25,180.0,top
C119,100nF,C_0402,63.0,-111.25,180.0,top
C12,100nF,C_0402,217.0,-221.25,180.0,top
C120,100nF,C_0402,63.0,-133.25,180.0,top
C121,100nF,C_0402,85.0,-155.25,180.0,top
C122,100nF,C_0402,63.0,-177.25,180.0,top
C123,100nF,C_0402,63.0,-199.25,180.0,top
C124,100nF,C_0402,63.0,-221.25,180.0,top
C125,4.7nF,C_0402,217.0,-62.5,180.0,top
C126,4.7nF,C_0402,217.0,-84.5,180.0,top
C127,4.7nF,C_0402,217.0,-106.5,180.0,top
C128,4.7nF,C_0402,217.0,-128.5,180.0,top
C129,4.7nF,C_0402,217.0,-150.5,180.0,top
C13,4.7nF,C_0402,63.0,-62.2,180.0,top
C130,4.7nF,C_0402,217.0,-172.5,180.0,top
C131,4.7nF,C_0402,217.0,-194.5,180.0,top
C132,4.7nF,C_0402,217.0,-216.5,180.0,top
C133,100nF,C_0402,71.5,-65.0,90.0,top
C134,100nF,C_0402,225.5,-65.0,90.0,top
C135,100nF,C_0402,181.5,-87.0,90.0,top
C136,100nF,C_0402,137.5,-109.0,90.0,top
C137,100nF,C_0402,71.5,-131.0,90.0,top
C138,100nF,C_0402,71.5,-153.0,90.0,top
C139,100nF,C_0402,181.5,-153.0,90.0,top
C14,4.7nF,C_0402,63.0,-84.5,180.0,top
C140,100nF,C_0402,137.5,-175.0,90.0,top
C141,100nF,C_0402,225.5,-197.0,90.0,top
C142,100nF,C_0402,181.5,-219.0,90.0,top
C143,100nF,C_0402,181.5,-175.0,90.0,top
C144,100nF,C_0402,93.5,-65.0,90.0,top
C145,100nF,C_0402,71.5,-87.0,90.0,top
C146,100nF,C_0402,203.5,-87.0,90.0,top
C147,100nF,C_0402,159.5,-109.0,90.0,top
C148,100nF,C_0402,93.5,-131.0,90.0,top
C149,100nF,C_0402,93.5,-153.0,90.0,top
C15,4.7nF,C_0402,63.0,-106.5,180.0,top
C150,100nF,C_0402,203.5,-153.0,90.0,top
C151,100nF,C_0402,159.5,-175.0,90.0,top
C152,100nF,C_0402,71.5,-219.0,90.0,top
C153,100nF,C_0402,225.5,-219.0,90.0,top
C154,100nF,C_0402,203.5,-219.0,90.0,top
C155,100nF,C_0402,115.5,-65.0,90.0,top
C156,100nF,C_0402,93.5,-87.0,90.0,top
C157,100nF,C_0402,225.5,-87.0,90.0,top
C158,100nF,C_0402,181.5,-109.0,90.0,top
C159,100nF,C_0402,115.5,-131.0,90.0,top
C16,4.7nF,C_0402,63.0,-128.5,180.0,top
C160,100nF,C_0402,115.5,-153.0,90.0,top
C161,100nF,C_0402,225.5,-153.0,90.0,top
C162,100nF,C_0402,137.5,-197.0,90.0,top
C163,100nF,C_0402,93.5,-219.0,90.0,top
C164,100nF,C_0402,93.5,-197.0,90.0,top
C165,100nF,C_0402,203.5,-175.0,90.0,top
C166,100nF,C_0402,159.5,-65.0,90.0,top
C167,100nF,C_0402,115.5,-87.0,90.0,top
C168,100nF,C_0402,71.5,-109.0,90.0,top
C169,100nF,C_0402,203.5,-109.0,90.0,top
C17,4.7nF,C_0402,63.0,-150.5,180.0,top
C170,100nF,C_0402,159.5,-131.0,90.0,top
C171,100nF,C_0402,137.5,-131.0,90.0,top
C172,100nF,C_0402,71.5,-175.0,90.0,top
C173,100nF,C_0402,159.5,-197.0,90.0,top
C174,100nF,C_0402,115.5,-219.0,90.0,top
C175,100nF,C_0402,115.5,-197.0,90.0,top
C176,100nF,C_0402,225.5,-175.0,90.0,top
C177,100nF,C_0402,181.5,-65.0,90.0,top
C178,100nF,C_0402,137.5,-87.0,90.0,top
C179,100nF,C_0402,93.5,-109.0,90.0,top
C18,4.7nF,C_0402,63.0,-172.5,180.0,top
C180,100nF,C_0402,225.5,-108.88,90.0,top
C181,100nF,C_0402,203.5,-131.0,90.0,top
C182,100nF,C_0402,137.5,-153.0,90.0,top
C183,100nF,C_0402,93.5,-175.0,90.0,top
C184,100nF,C_0402,181.5,-196.5,90.0,top
C185,100nF,C_0402,137.5,-219.0,90.0,top
C186,100nF,C_0402,137.5,-65.0,90.0,top
C187,100nF,C_0402,71.5,-197.0,90.0,top
C188,100nF,C_0402,203.5,-65.0,90.0,top
C189,100nF,C_0402,159.5,-87.0,90.0,top
C19,4.7nF,C_0402,63.0,-194.5,180.0,top
C190,100nF,C_0402,115.5,-109.0,90.0,top
C191,100nF,C_0402,181.5,-131.0,90.0,top
C192,100nF,C_0402,225.5,-131.0,90.0,top
C193,100nF,C_0402,159.5,-153.0,90.0,top
C194,100nF,C_0402,115.5,-175.0,90.0,top
C195,100nF,C_0402,203.5,-197.0,90.0,top
C196,100nF,C_0402,159.5,-219.0,90.0,top
C2,0.1uF,C_0402_1005Metric,137.25,-78.73,90.0,bottom
C20,4.7nF,C_0402,63.0,-216.5,180.0,top
C21,100nF,C_0402,85.0,-67.25,180.0,top
C22,100nF,C_0402,85.0,-89.25,180.0,top
C23,100nF,C_0402,195.0,-111.25,180.0,top
C24,100nF,C_0402,195.0,-133.25,180.0,top
C25,100nF,C_0402,217.0,-155.25,180.0,top
C26,100nF,C_0402,195.0,-177.25,180.0,top
C27,100nF,C_0402,195.0,-199.25,180.0,top
C28,100nF,C_0402,195.0,-221.25,180.0,top
C29,4.7nF,C_0402,85.0,-62.5,180.0,top
C3,0.1uF,C_0402_1005Metric,137.25,-122.77,90.0,bottom
C30,4.7nF,C_0402,85.0,-84.5,180.0,top
C31,4.7nF,C_0402,85.0,-106.5,180.0,top
C32,4.7nF,C_0402,85.0,-128.5,180.0,top
C33,4.7nF,C_0402,85.0,-150.5,180.0,top
C34,4.7nF,C_0402,85.0,-172.5,180.0,top
C35,4.7nF,C_0402,85.0,-194.5,180.0,top
C36,4.7nF,C_0402,85.0,-216.5,180.0,top
C37,100nF,C_0402,107.0,-67.25,180.0,top
C38,100nF,C_0402,107.0,-89.25,180.0,top
C39,100nF,C_0402,173.0,-111.25,180.0,top
C4,0.1uF,C_0402_1005Metric,137.25,-166.73,90.0,bottom
C40,100nF,C_0402,173.0,-133.25,180.0,top
C41,100nF,C_0402,195.0,-155.25,180.0,top
C42,100nF,C_0402,173.0,-177.25,180.0,top
C43,100nF,C_0402,173.0,-199.25,180.0,top
C44,100nF,C_0402,173.0,-221.25,180.0,top
C45,4.7nF,C_0402,107.0,-62.5,180.0,top
C46,4.7nF,C_0402,107.0,-84.5,180.0,top
C47,4.7nF,C_0402,107.0,-106.5,180.0,top
C48,4.7nF,C_0402,107.0,-128.5,180.0,top
C49,4.7nF,C_0402,107.0,-150.5,180.0,top
C5,100nF,C_0402,63.0,-67.5,180.0,top
C50,4.7nF,C_0402,107.0,-172.5,180.0,top
C51,4.7nF,C_0402,107.0,-194.5,180.0,top
C52,4.7nF,C_0402,107.0,-216.5,180.0,top
C53,100nF,C_0402,129.0,-67.25,180.0,top
C54,100nF,C_0402,129.0,-89.25,180.0,top
C55,100nF,C_0402,151.0,-111.25,180.0,top
C56,100nF,C_0402,151.0,-133.25,180.0,top
C57,100nF,C_0402,173.0,-155.25,180.0,top
C58,100nF,C_0402,151.0,-177.25,180.0,top
C59,100nF,C_0402,151.0,-199.25,180.0,top
C6,100nF,C_0402,63.0,-89.25,180.0,top
C60,100nF,C_0402,151.0,-221.25,180.0,top
C61,4.7nF,C_0402,129.0,-62.5,180.0,top
C62,4.7nF,C_0402,129.0,-84.5,180.0,top
C63,4.7nF,C_0402,129.0,-106.5,180.0,top
C64,4.7nF,C_0402,129.0,-128.5,180.0,top
C65,4.7nF,C_0402,129.0,-150.5,180.0,top
C66,4.7nF,C_0402,129.0,-172.5,180.0,top
C67,4.7nF,C_0402,129.0,-194.5,180.0,top
C68,4.7nF,C_0402,129.0,-216.5,180.0,top
C69,100nF,C_0402,151.0,-67.25,180.0,top
C7,100nF,C_0402,217.0,-111.25,180.0,top
C70,100nF,C_0402,151.0,-89.25,180.0,top
C71,100nF,C_0402,129.0,-111.25,180.0,top
C72,100nF,C_0402,129.0,-133.25,180.0,top
C73,100nF,C_0402,151.0,-155.25,180.0,top
C74,100nF,C_0402,129.0,-177.25,180.0,top
C75,100nF,C_0402,129.0,-199.25,180.0,top
C76,100nF,C_0402,129.0,-221.25,180.0,top
C77,4.7nF,C_0402,151.0,-62.5,180.0,top
C78,4.7nF,C_0402,151.0,-84.5,180.0,top
C79,4.7nF,C_0402,151.0,-106.5,180.0,top
C8,100nF,C_0402,217.0,-133.25,180.0,top
C80,4.7nF,C_0402,151.0,-128.5,180.0,top
C81,4.7nF,C_0402,151.0,-150.5,180.0,top
C82,4.7nF,C_0402,151.0,-172.5,180.0,top
C83,4.7nF,C_0402,151.0,-194.5,180.0,top
C84,4.7nF,C_0402,151.0,-216.5,180.0,top
C85,100nF,C_0402,173.0,-67.25,180.0,top
C86,100nF,C_0402,173.0,-89.25,180.0,top
C87,100nF,C_0402,107.0,-111.25,180.0,top
C88,100nF,C_0402,107.0,-133.25,180.0,top
C89,100nF,C_0402,129.0,-155.25,180.0,top
C9,100nF,C_0402,63.0,-155.25,180.0,top
C90,100nF,C_0402,107.0,-177.25,180.0,top
C91,100nF,C_0402,107.0,-199.25,180.0,top
C92,100nF,C_0402,107.0,-221.25,180.0,top
C93,4.7nF,C_0402,173.0,-62.5,180.0,top
C94,4.7nF,C_0402,173.0,-84.5,180.0,top
C95,4.7nF,C_0402,173.0,-106.5,180.0,top
C96,4.7nF,C_0402,173.0,-128.5,180.0,top
C97,4.7nF,C_0402,173.0,-150.5,180.0,top
C98,4.7nF,C_0402,173.0,-172.5,180.0,top
C99,4.7nF,C_0402,173.0,-194.5,180.0,top
D1,BAT60A,D_SOD-323,65.0,-52.5,90.0,bottom
D10,WS2812B,LED_WS2812B_PLCC4_5.0x5.0mm_P3.2mm,90.0,-131.0,90.0,top
D11,WS2812B,LED_WS2812B_PLCC4_5.0x5.0mm_P3.2mm,112.0,-65.0,90.0,top
D12,WS2812B,LED_WS2812B_PLCC4_5.0x5.0mm_P3.2mm,112.0,-87.0,90.0,top
D13,WS2812B,LED_WS2812B_PLCC4_5.0x5.0mm_P3.2mm,112.0,-109.0,90.0,top
D14,WS2812B,LED_WS2812B_PLCC4_5.0x5.0mm_P3.2mm,112.0,-131.0,90.0,top
D15,WS2812B,LED_WS2812B_PLCC4_5.0x5.0mm_P3.2mm,134.0,-65.0,90.0,top
D16,WS2812B,LED_WS2812B_PLCC4_5.0x5.0mm_P3.2mm,134.0,-87.0,90.0,top
D17,WS2812B,LED_WS2812B_PLCC4_5.0x5.0mm_P3.2mm,134.0,-109.0,90.0,top
D18,WS2812B,LED_WS2812B_PLCC4_5.0x5.0mm_P3.2mm,134.0,-131.0,90.0,top
D19,WS2812B,LED_WS2812B_PLCC4_5.0x5.0mm_P3.2mm,156.0,-65.0,90.0,top
D2,BAT60A,D_SOD-323,211.0,-55.45,270.0,bottom
D20,WS2812B,LED_WS2812B_PLCC4_5.0x5.0mm_P3.2mm,156.0,-87.0,90.0,top
D21,WS2812B,LED_WS2812B_PLCC4_5.0x5.0mm_P3.2mm,156.0,-109.0,90.0,top
D22,WS2812B,LED_WS2812B_PLCC4_5.0x5.0mm_P3.2mm,156.0,-131.0,90.0,top
D23,WS2812B,LED_WS2812B_PLCC4_5.0x5.0mm_P3.2mm,178.0,-65.0,90.0,top
D24,WS2812B,LED_WS2812B_PLCC4_5.0x5.0mm_P3.2mm,178.0,-87.0,90.0,top
D25,WS2812B,LED_WS2812B_PLCC4_5.0x5.0mm_P3.2mm,178.0,-109.0,90.0,top
D26,WS2812B,LED_WS2812B_PLCC4_5.0x5.0mm_P3.2mm,178.0,-131.0,90.0,top
D27,WS2812B,LED_WS2812B_PLCC4_5.0x5.0mm_P3.2mm,200.0,-65.0,90.0,top
D28,WS2812B,LED_WS2812B_PLCC4_5.0x5.0mm_P3.2mm,200.0,-87.0,90.0,top
D29,WS2812B,LED_WS2812B_PLCC4_5.0x5.0mm_P3.2mm,200.0,-109.0,90.0,top
D3,WS2812B,LED_WS2812B_PLCC4_5.0x5.0mm_P3.2mm,68.0,-65.0,90.0,top
D30,WS2812B,LED_WS2812B_PLCC4_5.0x5.0mm_P3.2mm,200.0,-131.0,90.0,top
D31,WS2812B,LED_WS2812B_PLCC4_5.0x5.0mm_P3.2mm,222.0,-65.0,90.0,top
D32,WS2812B,LED_WS2812B_PLCC4_5.0x5.0mm_P3.2mm,222.0,-87.0,90.0,top
D33,WS2812B,LED_WS2812B_PLCC4_5.0x5.0mm_P3.2mm,222.0,-109.0,90.0,top
D34,WS2812B,LED_WS2812B_PLCC4_5.0x5.0mm_P3.2mm,222.0,-131.0,90.0,top
D35,WS2812B,LED_WS2812B_PLCC4_5.0x5.0mm_P3.2mm,68.0,-153.0,90.0,top
D36,WS2812B,LED_WS2812B_PLCC4_5.0x5.0mm_P3.2mm,68.0,-175.0,90.0,top
D37,WS2812B,LED_WS2812B_PLCC4_5.0x5.0mm_P3.2mm,68.0,-197.0,90.0,top
D38,WS2812B,LED_WS2812B_PLCC4_5.0x5.0mm_P3.2mm,68.0,-219.0,90.0,top
D39,WS2812B,LED_WS2812B_PLCC4_5.0x5.0mm_P3.2mm,90.0,-153.0,90.0,top
D4,WS2812B,LED_WS2812B_PLCC4_5.0x5.0mm_P3.2mm,68.0,-87.0,90.0,top
D40,WS2812B,LED_WS2812B_PLCC4_5.0x5.0mm_P3.2mm,90.0,-175.0,90.0,top
D41,WS2812B,LED_WS2812B_PLCC4_5.0x5.0mm_P3.2mm,90.0,-197.0,90.0,top
D42,WS2812B,LED_WS2812B_PLCC4_5.0x5.0mm_P3.2mm,90.0,-219.0,90.0,top
D43,WS2812B,LED_WS2812B_PLCC4_5.0x5.0mm_P3.2mm,112.0,-153.0,90.0,top
D44,WS2812B,LED_WS2812B_PLCC4_5.0x5.0mm_P3.2mm,112.0,-175.0,90.0,top
D45,WS2812B,LED_WS2812B_PLCC4_5.0x5.0mm_P3.2mm,112.0,-197.0,90.0,top
D46,WS2812B,LED_WS2812B_PLCC4_5.0x5.0mm_P3.2mm,112.0,-219.0,90.0,top
D47,WS2812B,LED_WS2812B_PLCC4_5.0x5.0mm_P3.2mm,134.0,-153.0,90.0,top
D48,WS2812B,LED_WS2812B_PLCC4_5.0x5.0mm_P3.2mm,134.0,-175.0,90.0,top
D49,WS2812B,LED_WS2812B_PLCC4_5.0x5.0mm_P3.2mm,134.0,-197.0,90.0,top
D5,WS2812B,LED_WS2812B_PLCC4_5.0x5.0mm_P3.2mm,68.0,-109.0,90.0,top
D50,WS2812B,LED_WS2812B_PLCC4_5.0x5.0mm_P3.2mm,134.0,-219.0,90.0,top
D51,WS2812B,LED_WS2812B_PLCC4_5.0x5.0mm_P3.2mm,156.0,-153.0,90.0,top
D52,WS2812B,LED_WS2812B_PLCC4_5.0x5.0mm_P3.2mm,156.0,-175.0,90.0,top
D53,WS2812B,LED_WS2812B_PLCC4_5.0x5.0mm_P3.2mm,156.0,-197.0,90.0,top
D54,WS2812B,LED_WS2812B_PLCC4_5.0x5.0mm_P3.2mm,156.0,-219.0,90.0,top
D55,WS2812B,LED_WS2812B_PLCC4_5.0x5.0mm_P3.2mm,178.0,-153.0,90.0,top
D56,WS2812B,LED_WS2812B_PLCC4_5.0x5.0mm_P3.2mm,178.0,-175.0,90.0,top
D57,WS2812B,LED_WS2812B_PLCC4_5.0x5.0mm_P3.2mm,178.0,-197.0,90.0,top
D58,WS2812B,LED_WS2812B_PLCC4_5.0x5.0mm_P3.2mm,178.0,-219.0,90.0,top
D59,WS2812B,LED_WS2812B_PLCC4_5.0x5.0mm_P3.2mm,200.0,-153.0,90.0,top
D6,WS2812B,LED_WS2812B_PLCC4_5.0x5.0mm_P3.2mm,68.0,-131.0,90.0,top
D60,WS2812B,LED_WS2812B_PLCC4_5.0x5.0mm_P3.2mm,200.0,-175.0,90.0,top
D61,WS2812B,LED_WS2812B_PLCC4_5.0x5.0mm_P3.2mm,200.0,-197.0,90.0,top
D62,WS2812B,LED_WS2812B_PLCC4_5.0x5.0mm_P3.2mm,200.0,-219.0,90.0,top
D63,WS2812B,LED_WS2812B_PLCC4_5.0x5.0mm_P3.2mm,222.0,-153.0,90.0,top
D64,WS2812B,LED_WS2812B_PLCC4_5.0x5.0mm_P3.2mm,222.0,-175.0,90.0,top
D65,WS2812B,LED_WS2812B_PLCC4_5.0x5.0mm_P3.2mm,222.0,-197.0,90.0,top
D66,WS2812B,LED_WS2812B_PLCC4_5.0x5.0mm_P3.2mm,222.0,-219.0,90.0,top
D7,WS2812B,LED_WS2812B_PLCC4_5.0x5.0mm_P3.2mm,90.0,-65.0,90.0,top
D8,WS2812B,LED_WS2812B_PLCC4_5.0x5.0mm_P3.2mm,90.0,-87.0,90.0,top
D9,WS2812B,LED_WS2812B_PLCC4_5.0x5.0mm_P3.2mm,90.0,-109.0,90.0,top
J1,Conn_01x05,1x05,108.66,-46.29,0.0,bottom
J2,"Connector, USB-TYPE-C-16P",TYPE-C-SMD_HX-TYPE-C-16PIN,58.5,-47.85,180.0,bottom
J3,FRJAE438,AMPHENOL_FRJAE438,221.0,-52.47575,180.0,bottom
J4,I2C,1x04,232.0,-59.41,270.0,bottom
J5,Conn_01x06,1x06,115.0,-75.2,0.0,top
J6,Conn_01x03,1x03,141.96,-52.0,0.0,top
JP1,~,Jumper_2_NC_Trace,52.0,-65.0207,-90.0,top
JP2,~,Jumper_2_NC_Trace,49.0,-65.0207,-90.0,top
JP3,~,Jumper_2_NC_Trace,46.0,-64.9793,-90.0,top
Q1,BSS138,SOT-23,63.5,-71.5,90.0,bottom
R1,10k,R_0402_1005Metric,146.75,-75.99,270.0,bottom
R10,10k,R_0402_1005Metric,63.0,-170.5,0.0,top
R11,10k,R_0402_1005Metric,63.01,-192.5,0.0,top
R12,10k,R_0402_1005Metric,63.01,-214.5,0.0,top
R13,10k,R_0402_1005Metric,85.01,-60.5,0.0,top
R14,10k,R_0402_1005Metric,84.99,-82.5,0.0,top
R15,10k,R_0402_1005Metric,85.02,-104.5,0.0,top
R16,10k,R_0402_1005Metric,85.01,-126.5,0.0,top
R17,10k,R_0402_1005Metric,85.02,-148.5,0.0,top
R18,10k,R_0402_1005Metric,85.01,-170.5,0.0,top
R19,10k,R_0402_1005Metric,85.01,-192.5,0.0,top
R2,10k,R_0402_1005Metric,146.75,-119.99,270.0,bottom
R20,10k,R_0402_1005Metric,85.0,-214.5,0.0,top
R21,10k,R_0402_1005Metric,107.01,-60.57,0.0,top
R22,10k,R_0402_1005Metric,106.99,-82.5,0.0,top
R23,10k,R_0402_1005Metric,107.02,-104.5,0.0,top
R24,10k,R_0402_1005Metric,107.01,-126.5,0.0,top
R25,10k,R_0402_1005Metric,107.02,-148.5,0.0,top
R26,10k,R_0402_1005Metric,107.01,-170.5,0.0,top
R27,10k,R_0402_1005Metric,107.01,-192.5,0.0,top
R28,10k,R_0402_1005Metric,107.01,-214.5,0.0,top
R29,10k,R_0402_1005Metric,129.0,-60.57,0.0,top
R3,10k,R_0402_1005Metric,146.75,-163.99,270.0,bottom
R30,10k,R_0402_1005Metric,128.99,-82.5,0.0,top
R31,10k,R_0402_1005Metric,129.02,-104.5,0.0,top
R32,10k,R_0402_1005Metric,129.01,-126.5,0.0,top
R33,10k,R_0402_1005Metric,129.02,-148.5,0.0,top
R34,10k,R_0402_1005Metric,129.01,-170.5,0.0,top
R35,10k,R_0402_1005Metric,129.01,-192.5,0.0,top
R36,10k,R_0402_1005Metric,129.01,-214.5,0.0,top
R37,10k,R_0402_1005Metric,151.01,-60.57,0.0,top
R38,10k,R_0402_1005Metric,150.99,-82.5,0.0,top
R39,10k,R_0402_1005Metric,151.02,-104.5,0.0,top
R4,10k,R_0402_1005Metric,146.75,-207.99,270.0,bottom
R40,10k,R_0402_1005Metric,151.01,-126.5,0.0,top
R41,10k,R_0402_1005Metric,151.02,-148.5,0.0,top
R42,10k,R_0402_1005Metric,151.0,-170.5,0.0,top
R43,10k,R_0402_1005Metric,151.01,-192.5,0.0,top
R44,10k,R_0402_1005Metric,151.01,-214.5,0.0,top
R45,10k,R_0402_1005Metric,173.01,-60.57,0.0,top
R46,10k,R_0402_1005Metric,172.99,-82.5,0.0,top
R47,10k,R_0402_1005Metric,173.02,-104.5,0.0,top
R48,10k,R_0402_1005Metric,173.01,-126.5,0.0,top
R49,10k,R_0402_1005Metric,173.02,-148.5,0.0,top
R5,10k,R_0402_1005Metric,63.01,-60.5,0.0,top
R50,10k,R_0402_1005Metric,173.01,-170.5,0.0,top
R51,10k,R_0402_1005Metric,173.01,-192.5,0.0,top
R52,10k,R_0402_1005Metric,173.01,-214.5,0.0,top
R53,10k,R_0402_1005Metric,195.01,-60.57,0.0,top
R54,10k,R_0402_1005Metric,194.99,-82.5,0.0,top
R55,10k,R_0402_1005Metric,195.02,-104.5,0.0,top
R56,10k,R_0402_1005Metric,195.01,-126.5,0.0,top
R57,10k,R_0402_1005Metric,195.02,-148.5,0.0,top
R58,10k,R_0402_1005Metric,195.01,-170.5,0.0,top
R59,10k,R_0402_1005Metric,195.01,-192.5,0.0,top
R6,10k,R_0402_1005Metric,62.99,-82.5,0.0,top
R60,10k,R_0402_1005Metric,195.01,-214.5,0.0,top
R61,10k,R_0402_1005Metric,217.0,-60.57,0.0,top
R62,10k,R_0402_1005Metric,216.99,-82.5,0.0,top
R63,10k,R_0402_1005Metric,217.02,-104.5,0.0,top
R64,10k,R_0402_1005Metric,217.01,-126.5,0.0,top
R65,10k,R_0402_1005Metric,217.01,-148.5,0.0,top
R66,10k,R_0402_1005Metric,217.01,-170.5,0.0,top
R67,10k,R_0402_1005Metric,217.01,-192.5,0.0,top
R68,10k,R_0402_1005Metric,217.01,-214.5,0.0,top
R69,10k,R_0402_1005Metric,66.04,-71.51,90.0,bottom
R7,10k,R_0402_1005Metric,63.01,-104.5,0.0,top
R70,10k,R_0402_1005Metric,61.04,-71.51,90.0,bottom
R8,10k,R_0402_1005Metric,63.01,-126.5,0.0,top
R9,10k,R_0402_1005Metric,63.01,-148.5,0.0,top
U1,CD74HC4067,TSSOP-24_4.4x7.8mm_P0.65mm,142.0,-76.0,270.0,bottom
U10,US5681KSE-AAA-000-RE,SOT95P280X100-3N,63.0,-175.0,180.0,top
U11,US5681KSE-AAA-000-RE,SOT95P280X100-3N,63.0,-197.0,180.0,top
U12,US5681KSE-AAA-000-RE,SOT95P280X100-3N,63.0,-219.0,180.0,top
U13,US5681KSE-AAA-000-RE,SOT95P280X100-3N,85.0,-65.0,180.0,top
U14,US5681KSE-AAA-000-RE,SOT95P280X100-3N,85.0,-87.0,180.0,top
U15,US5681KSE-AAA-000-RE,SOT95P280X100-3N,85.0,-109.0,180.0,top
U16,US5681KSE-AAA-000-RE,SOT95P280X100-3N,85.0,-131.0,180.0,top
U17,US5681KSE-AAA-000-RE,SOT95P280X100-3N,85.0,-153.0,180.0,top
U18,US5681KSE-AAA-000-RE,SOT95P280X100-3N,85.0,-175.0,180.0,top
U19,US5681KSE-AAA-000-RE,SOT95P280X100-3N,85.0,-197.0,180.0,top
U2,CD74HC4067,TSSOP-24_4.4x7.8mm_P0.65mm,142.0,-120.0,270.0,bottom
U20,US5681KSE-AAA-000-RE,SOT95P280X100-3N,85.0,-219.0,180.0,top
U21,US5681KSE-AAA-000-RE,SOT95P280X100-3N,107.0,-65.0,180.0,top
U22,US5681KSE-AAA-000-RE,SOT95P280X100-3N,107.0,-87.0,180.0,top
U23,US5681KSE-AAA-000-RE,SOT95P280X100-3N,107.0,-109.0,180.0,top
U24,US5681KSE-AAA-000-RE,SOT95P280X100-3N,107.0,-131.0,180.0,top
U25,US5681KSE-AAA-000-RE,SOT95P280X100-3N,107.0,-153.0,180.0,top
U26,US5681KSE-AAA-000-RE,SOT95P280X100-3N,107.0,-175.0,180.0,top
U27,US5681KSE-AAA-000-RE,SOT95P280X100-3N,107.0,-197.0,180.0,top
U28,US5681KSE-AAA-000-RE,SOT95P280X100-3N,107.0,-219.0,180.0,top
U29,US5681KSE-AAA-000-RE,SOT95P280X100-3N,129.0,-65.0,180.0,top
U3,CD74HC4067,TSSOP-24_4.4x7.8mm_P0.65mm,142.0,-164.0,270.0,bottom
U30,US5681KSE-AAA-000-RE,SOT95P280X100-3N,129.0,-87.0,180.0,top
U31,US5681KSE-AAA-000-RE,SOT95P280X100-3N,129.0,-109.0,180.0,top
U32,US5681KSE-AAA-000-RE,SOT95P280X100-3N,129.0,-131.0,180.0,top
U33,US5681KSE-AAA-000-RE,SOT95P280X100-3N,129.0,-153.0,180.0,top
U34,US5681KSE-AAA-000-RE,SOT95P280X100-3N,129.0,-175.0,180.0,top
U35,US5681KSE-AAA-000-RE,SOT95P280X100-3N,129.0,-197.0,180.0,top
U36,US5681KSE-AAA-000-RE,SOT95P280X100-3N,129.0,-219.0,180.0,top
U37,US5681KSE-AAA-000-RE,SOT95P280X100-3N,151.0,-65.0,180.0,top
U38,US5681KSE-AAA-000-RE,SOT95P280X100-3N,151.0,-87.0,180.0,top
U39,US5681KSE-AAA-000-RE,SOT95P280X100-3N,151.0,-109.0,180.0,top
U4,CD74HC4067,TSSOP-24_4.4x7.8mm_P0.65mm,142.0,-208.0,270.0,bottom
U40,US5681KSE-AAA-000-RE,SOT95P280X100-3N,151.0,-131.0,180.0,top
U41,US5681KSE-AAA-000-RE,SOT95P280X100-3N,151.0,-153.0,180.0,top
U42,US5681KSE-AAA-000-RE,SOT95P280X100-3N,151.0,-175.0,180.0,top
U43,US5681KSE-AAA-000-RE,SOT95P280X100-3N,151.0,-197.0,180.0,top
U44,US5681KSE-AAA-000-RE,SOT95P280X100-3N,151.0,-219.0,180.0,top
U45,US5681KSE-AAA-000-RE,SOT95P280X100-3N,173.0,-65.0,180.0,top
U46,US5681KSE-AAA-000-RE,SOT95P280X100-3N,173.0,-87.0,180.0,top
U47,US5681KSE-AAA-000-RE,SOT95P280X100-3N,173.0,-109.0,180.0,top
U48,US5681KSE-AAA-000-RE,SOT95P280X100-3N,173.0,-131.0,180.0,top
U49,US5681KSE-AAA-000-RE,SOT95P280X100-3N,173.0,-153.0,180.0,top
U5,US5681KSE-AAA-000-RE,SOT95P280X100-3N,63.0,-65.0,180.0,top
U50,US5681KSE-AAA-000-RE,SOT95P280X100-3N,173.0,-175.0,180.0,top
U51,US5681KSE-AAA-000-RE,SOT95P280X100-3N,173.0,-197.0,180.0,top
U52,US5681KSE-AAA-000-RE,SOT95P280X100-3N,173.0,-219.0,180.0,top
U53,US5681KSE-AAA-000-RE,SOT95P280X100-3N,195.0,-65.0,180.0,top
U54,US5681KSE-AAA-000-RE,SOT95P280X100-3N,195.0,-87.0,180.0,top
U55,US5681KSE-AAA-000-RE,SOT95P280X100-3N,195.0,-109.0,180.0,top
U56,US5681KSE-AAA-000-RE,SOT95P280X100-3N,195.0,-131.0,180.0,top
U57,US5681KSE-AAA-000-RE,SOT95P280X100-3N,195.0,-153.0,180.0,top
U58,US5681KSE-AAA-000-RE,SOT95P280X100-3N,195.0,-175.0,180.0,top
U59,US5681KSE-AAA-000-RE,SOT95P280X100-3N,195.0,-197.0,180.0,top
U6,US5681KSE-AAA-000-RE,SOT95P280X100-3N,63.0,-87.0,180.0,top
U60,US5681KSE-AAA-000-RE,SOT95P280X100-3N,195.0,-219.0,180.0,top
U61,US5681KSE-AAA-000-RE,SOT95P280X100-3N,217.0,-65.0,180.0,top
U62,US5681KSE-AAA-000-RE,SOT95P280X100-3N,217.0,-87.0,180.0,top
U63,US5681KSE-AAA-000-RE,SOT95P280X100-3N,217.0,-109.0,180.0,top
U64,US5681KSE-AAA-000-RE,SOT95P280X100-3N,217.0,-131.0,180.0,top
U65,US5681KSE-AAA-000-RE,SOT95P280X100-3N,217.0,-153.0,180.0,top
U66,US5681KSE-AAA-000-RE,SOT95P280X100-3N,217.0,-175.0,180.0,top
U67,US5681KSE-AAA-000-RE,SOT95P280X100-3N,217.0,-197.0,180.0,top
U68,US5681KSE-AAA-000-RE,SOT95P280X100-3N,217.0,-219.0,180.0,top
U7,US5681KSE-AAA-000-RE,SOT95P280X100-3N,63.0,-109.0,180.0,top
U8,US5681KSE-AAA-000-RE,SOT95P280X100-3N,63.0,-131.0,180.0,top
U9,US5681KSE-AAA-000-RE,SOT95P280X100-3N,63.0,-153.0,180.0,top
